ten_sach,the_loai,anh
Mon hoc 1,Kinh tế,sach1.jpg
Mon hoc 2,Kế toán - Kiểm toán,sach2.jpg
Mon hoc 3,Quản trị kinh doanh,sach3.jpg
Mon hoc 4,Kỹ thuật,sach4.jpg
Mon hoc 5,Công nghệ thông tin,sach5.jpg
Mon hoc 6,Kinh tế,sach6.jpg
Mon hoc 7,Kế toán - Kiểm toán,sach7.jpg
Mon hoc 8,Quản trị kinh doanh,sach8.jpg
Mon hoc 9,Kỹ thuật,sach9.jpg
Mon hoc 10,Công nghệ thông tin,sach10.jpg
Mon hoc 11,Kinh tế,sach11.jpg
Mon hoc 12,Kế toán - Kiểm toán,sach12.jpg
Mon hoc 13,Quản trị kinh doanh,sach13.jpg
Mon hoc 14,Kỹ thuật,sach14.jpg
Mon hoc 15,Công nghệ thông tin,sach15.jpg
Mon hoc 16,Kinh tế,sach16.jpg
Mon hoc 17,Kế toán - Kiểm toán,sach17.jpg
Mon hoc 18,Quản trị kinh doanh,sach18.jpg
Mon hoc 19,Kỹ thuật,sach19.jpg
Mon hoc 20,Công nghệ thông tin,sach20.jpg
Mon hoc 21,Kinh tế,sach21.jpg
Mon hoc 22,Kế toán - Kiểm toán,sach22.jpg
Mon hoc 23,Quản trị kinh doanh,sach23.jpg
Mon hoc 24,Kỹ thuật,sach24.jpg
Mon hoc 25,Công nghệ thông tin,sach25.jpg
Mon hoc 26,Kinh tế,sach26.jpg
Mon hoc 27,Kế toán - Kiểm toán,sach27.jpg
Mon hoc 28,Quản trị kinh doanh,sach28.jpg
Mon hoc 29,Kỹ thuật,sach29.jpg
Mon hoc 30,Công nghệ thông tin,sach30.jpg
